date,subject,assignment,notes,estimated_minutes
2026-09-28,Reading,Complete Textbook Comprehension Questions L110,If not completed in class,15
2026-09-28,Reading,Complete Workbook 110,Front and back,20
2026-09-28,Math,Complete workbook pages 54 and 56,,25
2026-09-29,Math,Complete workbook pages 58 and 60,"Use a bar model, write a sentence, and solve",25
2026-09-29,Science,Complete Brain Check and Apply Concepts pages 67–68,Textbook assignment due Wednesday,20
2026-09-30,"Grammar, Writing",Turn in spelling packet,Due Wednesday,5
2026-09-30,"Grammar, Writing",Take spelling quiz,,0
2026-09-30,Math,Complete workbook page 62,,15
2026-09-30,Reading,Complete Textbook Comprehension Questions L111,If not completed in class,15
2026-09-30,Reading,Complete Workbook 111,Front and back,20
2026-10-01,"Grammar, Writing",Take Chapter 3 Grammar Test,,0
2026-10-01,Math,Complete workbook page 64-BSS,,15
2026-10-01,Reading,Complete Textbook Comprehension Questions L112,If not completed in class,15
2026-10-01,Reading,Complete Workbook 112,Front and back,20
2026-10-02,Literature,Turn in vocabulary assignment,Due Friday,5
2026-10-02,Science,Take Unit 2 Lessons 1–2 quiz,,0
2026-10-02,History,Complete Delaware and Maryland assignment,Due Friday,15
2026-10-02,History,Complete Pennsylvania and Virginia assignment,Due Friday,15
2026-10-02,Math,Complete workbook pages 65–67,Complete in class if possible,25
2026-10-02,Reading,Complete Workbook L113,Front and back,20
2026-10-04,Math,Complete IXL lessons H.6 G.6 H.7 and G.10,Due Sunday,30
2026-10-09,Literature,Recite “The Crocodile”,Recitation due October 9,10
